"day","halfhour","shape"
"01-SA",1,0.661562534743368
"01-SA",2,0.570744622341808
"01-SA",3,0.516655014897116
"01-SA",4,0.493638972610732
"01-SA",5,0.483304490891913
"01-SA",6,0.476880120231818
"01-SA",7,0.480078553947473
"01-SA",8,0.492768648124816
"01-SA",9,0.509527798393745
"01-SA",10,0.542972046013955
"01-SA",11,0.665576146147178
"01-SA",12,0.822123437441838
"01-SA",13,1.31908805001551
"01-SA",14,1.94846670988927
"01-SA",15,2.50045110728353
"01-SA",16,2.80224308327678
"01-SA",17,2.84168759539109
"01-SA",18,2.80573042474256
"01-SA",19,2.64529681096033
"01-SA",20,2.50712149793796
"01-SA",21,2.39990301009091
"01-SA",22,2.29281107374789
"01-SA",23,2.17977383919266
"01-SA",24,2.14780775458708
"01-SA",25,2.21409176579767
"01-SA",26,2.20659251291975
"01-SA",27,2.18424412011653
"01-SA",28,2.21554506367921
"01-SA",29,2.2241863956991
"01-SA",30,2.26110583967268
"01-SA",31,2.33428103240219
"01-SA",32,2.42857637950759
"01-SA",33,2.6799791282217
"01-SA",34,2.93449413345008
"01-SA",35,3.06229948274648
"01-SA",36,3.03690149903933
"01-SA",37,3.00214321420399
"01-SA",38,2.9602055563697
"01-SA",39,2.87278355806271
"01-SA",40,2.77324779850731
"01-SA",41,2.65951110200995
"01-SA",42,2.52953077940558
"01-SA",43,2.34786249117379
"01-SA",44,2.14138817015105
"01-SA",45,1.811391716965
"01-SA",46,1.43840073622104
"01-SA",47,1.08778266202377
"01-SA",48,0.840425316132783
"01-SU",1,0.643016845822895
"01-SU",2,0.578229345955533
"01-SU",3,0.52387714006311
"01-SU",4,0.485585617475651
"01-SU",5,0.473409244733353
"01-SU",6,0.456889788297924
"01-SU",7,0.466367622093089
"01-SU",8,0.468955943430176
"01-SU",9,0.489842778213014
"01-SU",10,0.523319862848013
"01-SU",11,0.641106986391463
"01-SU",12,0.802837878547707
"01-SU",13,1.27107628854327
"01-SU",14,1.86581638906638
"01-SU",15,2.41259891880248
"01-SU",16,2.69239164750957
"01-SU",17,2.71601097646194
"01-SU",18,2.70196138087254
"01-SU",19,2.55674638657471
"01-SU",20,2.47183156471362
"01-SU",21,2.36772975158883
"01-SU",22,2.24991805733114
"01-SU",23,2.14904628809547
"01-SU",24,2.08564865338824
"01-SU",25,2.14390619940968
"01-SU",26,2.19425660554358
"01-SU",27,2.17800408262316
"01-SU",28,2.18776252390788
"01-SU",29,2.1970194784108
"01-SU",30,2.21709712176459
"01-SU",31,2.29807763570968
"01-SU",32,2.3895553777947
"01-SU",33,2.64781893517395
"01-SU",34,2.91580996650369
"01-SU",35,2.98071902579823
"01-SU",36,2.95163706060801
"01-SU",37,2.90689811827568
"01-SU",38,2.87894309855851
"01-SU",39,2.80878971630366
"01-SU",40,2.72306561866921
"01-SU",41,2.62300797460949
"01-SU",42,2.48558958304022
"01-SU",43,2.27799733314755
"01-SU",44,2.02926521680818
"01-SU",45,1.66510088510032
"01-SU",46,1.25221515411986
"01-SU",47,0.870365809959739
"01-SU",48,0.641430607581523
"01-WD",1,0.578586951785735
"01-WD",2,0.513479518413554
"01-WD",3,0.472512390082962
"01-WD",4,0.451936732390157
"01-WD",5,0.455790661625047
"01-WD",6,0.455473885426329
"01-WD",7,0.4533905950669
"01-WD",8,0.4697656284473
"01-WD",9,0.479802436572755
"01-WD",10,0.512167230462434
"01-WD",11,0.679144419260318
"01-WD",12,0.919854267279154
"01-WD",13,1.57268338268864
"01-WD",14,2.36545223796702
"01-WD",15,2.86789146377313
"01-WD",16,2.95673940640542
"01-WD",17,2.80515126052594
"01-WD",18,2.52633306026595
"01-WD",19,2.259298909967
"01-WD",20,2.10759634877148
"01-WD",21,1.98431498526189
"01-WD",22,1.90300405207414
"01-WD",23,1.84806450542729
"01-WD",24,1.83700613129774
"01-WD",25,1.88575635451211
"01-WD",26,1.92045698404347
"01-WD",27,1.94718741439623
"01-WD",28,1.98525688466846
"01-WD",29,2.00516399523682
"01-WD",30,2.06581692576638
"01-WD",31,2.20203576746574
"01-WD",32,2.33703300115565
"01-WD",33,2.65795211227274
"01-WD",34,2.96590860301044
"01-WD",35,3.1204120286775
"01-WD",36,3.09846011447334
"01-WD",37,3.08975060437982
"01-WD",38,3.06200048843423
"01-WD",39,2.99592913582288
"01-WD",40,2.91159554843462
"01-WD",41,2.78016328540673
"01-WD",42,2.65683362897286
"01-WD",43,2.44334328738172
"01-WD",44,2.17935168292828
"01-WD",45,1.79771556381151
"01-WD",46,1.33807374183706
"01-WD",47,0.967364081738021
"01-WD",48,0.730606948919396
"02-SA",1,0.494778361383576
"02-SA",2,0.409552375574623
"02-SA",3,0.365291510939006
"02-SA",4,0.337333643753845
"02-SA",5,0.326852743091443
"02-SA",6,0.320522263329802
"02-SA",7,0.328070092371619
"02-SA",8,0.339415358835995
"02-SA",9,0.355553866553277
"02-SA",10,0.393264002215485
"02-SA",11,0.523497876155828
"02-SA",12,0.691040617411576
"02-SA",13,1.20286592653923
"02-SA",14,1.87002382357259
"02-SA",15,2.49463983371892
"02-SA",16,2.81767826254439
"02-SA",17,2.80496842339518
"02-SA",18,2.66509711540872
"02-SA",19,2.3912590453783
"02-SA",20,2.16192668166139
"02-SA",21,1.9738127092384
"02-SA",22,1.85937923813045
"02-SA",23,1.76498776537617
"02-SA",24,1.72678048278443
"02-SA",25,1.78291412470762
"02-SA",26,1.80759707784226
"02-SA",27,1.81458239786878
"02-SA",28,1.84084434926731
"02-SA",29,1.82770271767286
"02-SA",30,1.85641984647255
"02-SA",31,1.96641316762021
"02-SA",32,2.05299685933579
"02-SA",33,2.33426482576691
"02-SA",34,2.67955510719224
"02-SA",35,2.84526451113496
"02-SA",36,2.83743856350536
"02-SA",37,2.84397244763748
"02-SA",38,2.78906821611595
"02-SA",39,2.67199326508794
"02-SA",40,2.57698811062467
"02-SA",41,2.42913873925862
"02-SA",42,2.29883668821514
"02-SA",43,2.10725629704443
"02-SA",44,1.88923798581521
"02-SA",45,1.57421283946315
"02-SA",46,1.20433875408456
"02-SA",47,0.883898226680252
"02-SA",48,0.65931029129598
"02-SU",1,0.482364792789267
"02-SU",2,0.437584021861356
"02-SU",3,0.374080481799215
"02-SU",4,0.345196916305345
"02-SU",5,0.333854087998595
"02-SU",6,0.324348915850794
"02-SU",7,0.323582023162404
"02-SU",8,0.331397469783891
"02-SU",9,0.338643807246308
"02-SU",10,0.380061171072758
"02-SU",11,0.499949404679934
"02-SU",12,0.679475542981251
"02-SU",13,1.16922010401415
"02-SU",14,1.78024764252472
"02-SU",15,2.34986419754012
"02-SU",16,2.64008725616016
"02-SU",17,2.65076540013441
"02-SU",18,2.55175569811536
"02-SU",19,2.34077357277006
"02-SU",20,2.21098308788244
"02-SU",21,2.0625279013766
"02-SU",22,1.96936148518806
"02-SU",23,1.8933120353923
"02-SU",24,1.83210095235288
"02-SU",25,1.92359445048657
"02-SU",26,1.93949560706391
"02-SU",27,1.9214436367244
"02-SU",28,1.93032147304536
"02-SU",29,1.93824004250664
"02-SU",30,1.93437978445621
"02-SU",31,2.02069491090759
"02-SU",32,2.09135612935989
"02-SU",33,2.33374389361531
"02-SU",34,2.62756832475807
"02-SU",35,2.79305432698211
"02-SU",36,2.77215044540345
"02-SU",37,2.73769669699406
"02-SU",38,2.6970363959961
"02-SU",39,2.61937683931019
"02-SU",40,2.55379110083948
"02-SU",41,2.41621836430244
"02-SU",42,2.28987925022532
"02-SU",43,2.08256434879408
"02-SU",44,1.81494752460031
"02-SU",45,1.46532991672655
"02-SU",46,1.05133671248737
"02-SU",47,0.705076363355371
"02-SU",48,0.498996295408302
"02-WD",1,0.44113058831556
"02-WD",2,0.369282055349678
"02-WD",3,0.349071055726641
"02-WD",4,0.328015803982575
"02-WD",5,0.323294695632684
"02-WD",6,0.328331381913668
"02-WD",7,0.327739631051197
"02-WD",8,0.344502595283958
"02-WD",9,0.36286755936625
"02-WD",10,0.400544623425891
"02-WD",11,0.561407077201955
"02-WD",12,0.827261449753064
"02-WD",13,1.51070762907287
"02-WD",14,2.35707565223598
"02-WD",15,2.8897951039256
"02-WD",16,2.96832529412217
"02-WD",17,2.76265388213477
"02-WD",18,2.40431286239221
"02-WD",19,2.05429562749479
"02-WD",20,1.82847673086148
"02-WD",21,1.65097321234347
"02-WD",22,1.5507492191761
"02-WD",23,1.48358474496493
"02-WD",24,1.4833330832906
"02-WD",25,1.55570522430007
"02-WD",26,1.59734508713772
"02-WD",27,1.61001705002649
"02-WD",28,1.64535582387728
"02-WD",29,1.64274266233061
"02-WD",30,1.6978046442716
"02-WD",31,1.84424947290234
"02-WD",32,2.00220221174929
"02-WD",33,2.38778963358263
"02-WD",34,2.79506244509306
"02-WD",35,3.03840247756536
"02-WD",36,3.03774806408392
"02-WD",37,3.03327827223439
"02-WD",38,2.99773689265705
"02-WD",39,2.9070950358061
"02-WD",40,2.80317514776959
"02-WD",41,2.67771907939481
"02-WD",42,2.53631783888618
"02-WD",43,2.30766464484563
"02-WD",44,2.03572365890569
"02-WD",45,1.64104053099368
"02-WD",46,1.17212804939224
"02-WD",47,0.796891402966402
"02-WD",48,0.579360349550003
"03-SA",1,0.302487443718944
"03-SA",2,0.24664608482448
"03-SA",3,0.209585190249711
"03-SA",4,0.200593621228936
"03-SA",5,0.194023956481308
"03-SA",6,0.180732832288019
"03-SA",7,0.1783396526035
"03-SA",8,0.184353962597885
"03-SA",9,0.190860103585653
"03-SA",10,0.221143674850034
"03-SA",11,0.318579260837372
"03-SA",12,0.455376834197468
"03-SA",13,0.911899270830594
"03-SA",14,1.53201348809489
"03-SA",15,2.02184661275943
"03-SA",16,2.21345855000173
"03-SA",17,2.1176439679586
"03-SA",18,1.84060055288963
"03-SA",19,1.52496951170453
"03-SA",20,1.29969613508829
"03-SA",21,1.09618912103266
"03-SA",22,0.982563792432526
"03-SA",23,0.897680252222869
"03-SA",24,0.875855121190044
"03-SA",25,0.940283093621482
"03-SA",26,0.97047187817474
"03-SA",27,0.947920674803704
"03-SA",28,0.942987512149631
"03-SA",29,0.928072050784056
"03-SA",30,0.933906291822479
"03-SA",31,1.05201844528609
"03-SA",32,1.15983512124595
"03-SA",33,1.52211766872629
"03-SA",34,1.91512869998631
"03-SA",35,2.13795353857707
"03-SA",36,2.17923328819956
"03-SA",37,2.23602466267716
"03-SA",38,2.23068020113935
"03-SA",39,2.15772542224958
"03-SA",40,2.06044774577313
"03-SA",41,1.93188529171412
"03-SA",42,1.81488355168797
"03-SA",43,1.65304116355041
"03-SA",44,1.43993794746054
"03-SA",45,1.18691441674994
"03-SA",46,0.874216317714886
"03-SA",47,0.601928656031732
"03-SA",48,0.436929217619971
"03-SU",1,0.321105850556595
"03-SU",2,0.282321344592841
"03-SU",3,0.243229594817925
"03-SU",4,0.220067626421018
"03-SU",5,0.209940750386493
"03-SU",6,0.210571353392992
"03-SU",7,0.216764617046326
"03-SU",8,0.227809408480068
"03-SU",9,0.236356858244072
"03-SU",10,0.287768585649783
"03-SU",11,0.413430533193314
"03-SU",12,0.612220482368624
"03-SU",13,1.06642203764072
"03-SU",14,1.65613101437925
"03-SU",15,2.12118265538385
"03-SU",16,2.26563778512335
"03-SU",17,2.10910692368355
"03-SU",18,1.85331137002102
"03-SU",19,1.52246771845081
"03-SU",20,1.30673484234081
"03-SU",21,1.1264871447975
"03-SU",22,0.972260626558241
"03-SU",23,0.880685952219782
"03-SU",24,0.847023775277182
"03-SU",25,0.903947897934007
"03-SU",26,0.896339540336988
"03-SU",27,0.873187995737687
"03-SU",28,0.868120734028657
"03-SU",29,0.870057337819125
"03-SU",30,0.869711297623416
"03-SU",31,0.976967193107183
"03-SU",32,1.09550367137036
"03-SU",33,1.44362336775966
"03-SU",34,1.77714207466858
"03-SU",35,2.0039603949987
"03-SU",36,2.07183422368249
"03-SU",37,2.16422876938912
"03-SU",38,2.21201274173686
"03-SU",39,2.15597954322277
"03-SU",40,2.04828006061182
"03-SU",41,1.90138738199849
"03-SU",42,1.7540839439115
"03-SU",43,1.52890527383381
"03-SU",44,1.27539002598792
"03-SU",45,0.980282111285892
"03-SU",46,0.700755443635543
"03-SU",47,0.449553112127046
"03-SU",48,0.311114928556724
"03-WD",1,0.277433131120711
"03-WD",2,0.231243491200769
"03-WD",3,0.214101910045969
"03-WD",4,0.204993822064739
"03-WD",5,0.201133669781987
"03-WD",6,0.208573010101801
"03-WD",7,0.213496009350034
"03-WD",8,0.235627320786306
"03-WD",9,0.2600432883434
"03-WD",10,0.323403578409657
"03-WD",11,0.511867398502695
"03-WD",12,0.7930412067779
"03-WD",13,1.43720588112232
"03-WD",14,2.13280368027007
"03-WD",15,2.492179245434
"03-WD",16,2.43192401083667
"03-WD",17,2.13829292000174
"03-WD",18,1.71532236496823
"03-WD",19,1.34194425975691
"03-WD",20,1.09911550252887
"03-WD",21,0.945755888023443
"03-WD",22,0.850478784862704
"03-WD",23,0.791362947954488
"03-WD",24,0.785824719409786
"03-WD",25,0.841389416520223
"03-WD",26,0.851555452291464
"03-WD",27,0.867563883067442
"03-WD",28,0.888188604831568
"03-WD",29,0.902442738822331
"03-WD",30,0.984480402792212
"03-WD",31,1.17985467512642
"03-WD",32,1.34319854960043
"03-WD",33,1.7482157836183
"03-WD",34,2.15027039812251
"03-WD",35,2.40694426441858
"03-WD",36,2.43299109416705
"03-WD",37,2.46049410512006
"03-WD",38,2.44300492228207
"03-WD",39,2.34882379396846
"03-WD",40,2.22844847552756
"03-WD",41,2.0907471191615
"03-WD",42,1.93117833745783
"03-WD",43,1.71616994435635
"03-WD",44,1.45932698552311
"03-WD",45,1.14268645266902
"03-WD",46,0.791975767022026
"03-WD",47,0.524439822856906
"03-WD",48,0.368112512726517
"04-SA",1,0.138458703820625
"04-SA",2,0.114635628369878
"04-SA",3,0.122833259574288
"04-SA",4,0.107742637708969
"04-SA",5,0.108212989157132
"04-SA",6,0.122147787778115
"04-SA",7,0.133764866900749
"04-SA",8,0.152758514772324
"04-SA",9,0.247843122210971
"04-SA",10,0.404600844386683
"04-SA",11,0.652876944582896
"04-SA",12,0.915811178907142
"04-SA",13,1.12795376796613
"04-SA",14,1.22396950453913
"04-SA",15,1.18933402185486
"04-SA",16,1.07825736330758
"04-SA",17,0.936446443328377
"04-SA",18,0.831615250199668
"04-SA",19,0.729746642377634
"04-SA",20,0.624162355227881
"04-SA",21,0.556394184358823
"04-SA",22,0.563808656803327
"04-SA",23,0.569587319538451
"04-SA",24,0.550163521980959
"04-SA",25,0.559951054061209
"04-SA",26,0.508397910811959
"04-SA",27,0.4936531714765
"04-SA",28,0.509651079154604
"04-SA",29,0.551613237568036
"04-SA",30,0.622141959770181
"04-SA",31,0.832658849940623
"04-SA",32,1.03842558128244
"04-SA",33,1.11228529491078
"04-SA",34,1.1802232535545
"04-SA",35,1.18303072137876
"04-SA",36,1.11396230904636
"04-SA",37,1.1031593561875
"04-SA",38,1.03367741579973
"04-SA",39,0.961859334218768
"04-SA",40,0.90625724321096
"04-SA",41,0.854961502264001
"04-SA",42,0.769282354283854
"04-SA",43,0.659006134883399
"04-SA",44,0.49748280699259
"04-SA",45,0.374865181781205
"04-SA",46,0.278581265413209
"04-SA",47,0.22438385634505
"04-SA",48,0.175208485530342
"04-SU",1,0.140540627547213
"04-SU",2,0.130049970640209
"04-SU",3,0.141334458136319
"04-SU",4,0.125945831741844
"04-SU",5,0.125774313053999
"04-SU",6,0.129804115986599
"04-SU",7,0.146518559583374
"04-SU",8,0.166348120914782
"04-SU",9,0.26692266643576
"04-SU",10,0.428136113876991
"04-SU",11,0.655610394167858
"04-SU",12,0.931285141913337
"04-SU",13,1.08538059424456
"04-SU",14,1.15129656750601
"04-SU",15,1.14268151191473
"04-SU",16,1.06714955992194
"04-SU",17,1.01111179358706
"04-SU",18,0.901722216333094
"04-SU",19,0.80238879712021
"04-SU",20,0.7187241566648
"04-SU",21,0.716332080474445
"04-SU",22,0.712217724218949
"04-SU",23,0.752826566712257
"04-SU",24,0.739751574656699
"04-SU",25,0.698191949386509
"04-SU",26,0.606940141779437
"04-SU",27,0.567089950443652
"04-SU",28,0.562858235588832
"04-SU",29,0.599134729682037
"04-SU",30,0.615889019597063
"04-SU",31,0.860053205864309
"04-SU",32,1.04820602782343
"04-SU",33,1.0415822705751
"04-SU",34,1.07524579384796
"04-SU",35,1.11207137742633
"04-SU",36,1.07143517682206
"04-SU",37,1.04581906721991
"04-SU",38,0.974805189624471
"04-SU",39,0.910339438820692
"04-SU",40,0.883505018661382
"04-SU",41,0.845337025645374
"04-SU",42,0.69038055294976
"04-SU",43,0.59893383624712
"04-SU",44,0.443642552596415
"04-SU",45,0.299641065736787
"04-SU",46,0.215649515941695
"04-SU",47,0.162800856978467
"04-SU",48,0.127965145035896
"04-WD",1,0.107366449933933
"04-WD",2,0.100110176861806
"04-WD",3,0.111659092792052
"04-WD",4,0.0991638945771174
"04-WD",5,0.101603030388634
"04-WD",6,0.110801558135006
"04-WD",7,0.128559996336413
"04-WD",8,0.157058035082975
"04-WD",9,0.270620840460649
"04-WD",10,0.461550701984649
"04-WD",11,0.756009094922978
"04-WD",12,1.12051726820327
"04-WD",13,1.23879567303865
"04-WD",14,1.20090906701962
"04-WD",15,1.05100313219686
"04-WD",16,0.851061845541338
"04-WD",17,0.696507619220054
"04-WD",18,0.556710243993887
"04-WD",19,0.470440774981643
"04-WD",20,0.40068216590294
"04-WD",21,0.369616587719564
"04-WD",22,0.361502993218231
"04-WD",23,0.391940440047582
"04-WD",24,0.367205923568458
"04-WD",25,0.353828986608199
"04-WD",26,0.346028311924155
"04-WD",27,0.330138727259987
"04-WD",28,0.34096354205107
"04-WD",29,0.391959415339264
"04-WD",30,0.490762391042013
"04-WD",31,0.690676371297443
"04-WD",32,0.938885417504054
"04-WD",33,1.04523702264184
"04-WD",34,1.09345693857168
"04-WD",35,1.09591590291221
"04-WD",36,1.05918396953572
"04-WD",37,1.02079456074872
"04-WD",38,0.949576862037872
"04-WD",39,0.922474917605711
"04-WD",40,0.86656282419209
"04-WD",41,0.796326515944449
"04-WD",42,0.681772075956708
"04-WD",43,0.595962375534066
"04-WD",44,0.429286734799924
"04-WD",45,0.303352991742916
"04-WD",46,0.210698043350302
"04-WD",47,0.157477960123465
"04-WD",48,0.128463185108481
"05-SA",1,0.062135331906592
"05-SA",2,0.0534893867407258
"05-SA",3,0.0537443780506754
"05-SA",4,0.0497547822443048
"05-SA",5,0.0514244244023506
"05-SA",6,0.0540601267492271
"05-SA",7,0.0599945694352085
"05-SA",8,0.0741078359598823
"05-SA",9,0.122959362222323
"05-SA",10,0.20246952272777
"05-SA",11,0.328914316025999
"05-SA",12,0.463109058723431
"05-SA",13,0.597823954566389
"05-SA",14,0.644318755829953
"05-SA",15,0.601136389167341
"05-SA",16,0.540838311610799
"05-SA",17,0.429331951794183
"05-SA",18,0.362786420423016
"05-SA",19,0.30759977739799
"05-SA",20,0.263605131950493
"05-SA",21,0.241017919051374
"05-SA",22,0.251247233667214
"05-SA",23,0.249867425333033
"05-SA",24,0.255607780788545
"05-SA",25,0.266276350955657
"05-SA",26,0.253054059943914
"05-SA",27,0.252702969367301
"05-SA",28,0.257812134290181
"05-SA",29,0.275126072429424
"05-SA",30,0.298365644227745
"05-SA",31,0.395485776742503
"05-SA",32,0.47712451088249
"05-SA",33,0.504462329625734
"05-SA",34,0.539036703885296
"05-SA",35,0.549831121688238
"05-SA",36,0.544342835209024
"05-SA",37,0.531779225819875
"05-SA",38,0.504650921872395
"05-SA",39,0.49091469961323
"05-SA",40,0.477962776959989
"05-SA",41,0.464182359281842
"05-SA",42,0.428461897623495
"05-SA",43,0.373034261269226
"05-SA",44,0.288663137955919
"05-SA",45,0.199624828311992
"05-SA",46,0.145505254035376
"05-SA",47,0.109656233209085
"05-SA",48,0.0807680172857975
"05-SU",1,0.0612786887805448
"05-SU",2,0.0607444243864454
"05-SU",3,0.0634248531967615
"05-SU",4,0.0531436040655372
"05-SU",5,0.0524080674761508
"05-SU",6,0.0554662909110325
"05-SU",7,0.0639793701258414
"05-SU",8,0.0765786110360959
"05-SU",9,0.118794731693837
"05-SU",10,0.194097274742027
"05-SU",11,0.31336921345318
"05-SU",12,0.447904188214826
"05-SU",13,0.558593129888433
"05-SU",14,0.611224609685404
"05-SU",15,0.559528586330752
"05-SU",16,0.50888787635032
"05-SU",17,0.450262821274815
"05-SU",18,0.377977962091392
"05-SU",19,0.321224408171715
"05-SU",20,0.302768248704787
"05-SU",21,0.277493129456548
"05-SU",22,0.279837587345113
"05-SU",23,0.291247305463757
"05-SU",24,0.262656920123109
"05-SU",25,0.259524559637215
"05-SU",26,0.238816729462224
"05-SU",27,0.233630135002625
"05-SU",28,0.253131318467806
"05-SU",29,0.286012448002109
"05-SU",30,0.289979179874681
"05-SU",31,0.388187308113993
"05-SU",32,0.448630245433763
"05-SU",33,0.463948971465288
"05-SU",34,0.490224739585149
"05-SU",35,0.49423147805015
"05-SU",36,0.478670915020682
"05-SU",37,0.477518881328341
"05-SU",38,0.470891453804753
"05-SU",39,0.461308558723658
"05-SU",40,0.466253271911547
"05-SU",41,0.437823474467216
"05-SU",42,0.375063919197028
"05-SU",43,0.317737795517539
"05-SU",44,0.232582222051956
"05-SU",45,0.158952580498426
"05-SU",46,0.109436224562313
"05-SU",47,0.077004918848476
"05-SU",48,0.0576067291373733
"05-WD",1,0.0592379791998598
"05-WD",2,0.0543368457543635
"05-WD",3,0.0584179092312962
"05-WD",4,0.0542177732404896
"05-WD",5,0.0550417872023953
"05-WD",6,0.0616404901553362
"05-WD",7,0.0709413971868248
"05-WD",8,0.0905474889677548
"05-WD",9,0.15928658868425
"05-WD",10,0.280283307066468
"05-WD",11,0.460825874412627
"05-WD",12,0.662019014699229
"05-WD",13,0.757400894022839
"05-WD",14,0.724212974565991
"05-WD",15,0.616146498831137
"05-WD",16,0.482908335229683
"05-WD",17,0.382820999321509
"05-WD",18,0.306100669175383
"05-WD",19,0.256563123587938
"05-WD",20,0.222365732769913
"05-WD",21,0.205324527982664
"05-WD",22,0.204973409252939
"05-WD",23,0.213391794276021
"05-WD",24,0.201558319263881
"05-WD",25,0.196541011928757
"05-WD",26,0.191268188614733
"05-WD",27,0.18670334543442
"05-WD",28,0.195407986634363
"05-WD",29,0.228774107383812
"05-WD",30,0.264154545604133
"05-WD",31,0.374004431116627
"05-WD",32,0.47471130551594
"05-WD",33,0.543301885906475
"05-WD",34,0.584152878207654
"05-WD",35,0.580125767526556
"05-WD",36,0.585430015796925
"05-WD",37,0.579493852056302
"05-WD",38,0.569082590821973
"05-WD",39,0.558549020660625
"05-WD",40,0.540094196440361
"05-WD",41,0.506339464987634
"05-WD",42,0.438361610586849
"05-WD",43,0.378381699519609
"05-WD",44,0.273998416820409
"05-WD",45,0.186972258301838
"05-WD",46,0.125231944065268
"05-WD",47,0.0909075892715683
"05-WD",48,0.0706488107624003
"06-SA",1,0.0152044924555261
"06-SA",2,0.0117095879226033
"06-SA",3,0.00666046727962825
"06-SA",4,0.00699970081985925
"06-SA",5,0.00798334672268375
"06-SA",6,0.00870507144335146
"06-SA",7,0.0116457510401033
"06-SA",8,0.014636031996665
"06-SA",9,0.0290959694095232
"06-SA",10,0.0402599921178948
"06-SA",11,0.0812972270800354
"06-SA",12,0.126612822850178
"06-SA",13,0.149532061033469
"06-SA",14,0.196365399966191
"06-SA",15,0.183141628112011
"06-SA",16,0.164611532152588
"06-SA",17,0.139172975970288
"06-SA",18,0.123071894372701
"06-SA",19,0.11032589370792
"06-SA",20,0.107797428013996
"06-SA",21,0.0967446714747753
"06-SA",22,0.103935459525571
"06-SA",23,0.119558597885187
"06-SA",24,0.109484925450185
"06-SA",25,0.112674304594141
"06-SA",26,0.111165278716581
"06-SA",27,0.10883275504985
"06-SA",28,0.10962197491806
"06-SA",29,0.1136752900961
"06-SA",30,0.117442355809682
"06-SA",31,0.156431999590922
"06-SA",32,0.18000515097277
"06-SA",33,0.189297102177824
"06-SA",34,0.20223775417783
"06-SA",35,0.218040613791792
"06-SA",36,0.220024550224363
"06-SA",37,0.228805743586955
"06-SA",38,0.2277295197494
"06-SA",39,0.215418952047716
"06-SA",40,0.210934603466384
"06-SA",41,0.19403063127551
"06-SA",42,0.185286535629046
"06-SA",43,0.163534386873688
"06-SA",44,0.111976861065244
"06-SA",45,0.0780658330864234
"06-SA",46,0.0504379775230981
"06-SA",47,0.0358972884867278
"06-SA",48,0.0244220630702148
"06-SU",1,0.0196484122783634
"06-SU",2,0.0202756786566787
"06-SU",3,0.0184178969227641
"06-SU",4,0.0160248547938493
"06-SU",5,0.0167583551687877
"06-SU",6,0.0162762203655355
"06-SU",7,0.0186796612429416
"06-SU",8,0.0240683867243002
"06-SU",9,0.0392902993486459
"06-SU",10,0.0541529617386472
"06-SU",11,0.112303819413644
"06-SU",12,0.166104806299158
"06-SU",13,0.182203979222789
"06-SU",14,0.215994408353714
"06-SU",15,0.204344326883352
"06-SU",16,0.173418174681357
"06-SU",17,0.155202540045287
"06-SU",18,0.136668801527441
"06-SU",19,0.135666658407367
"06-SU",20,0.138185577116424
"06-SU",21,0.127629989271936
"06-SU",22,0.127837907596204
"06-SU",23,0.124349891120128
"06-SU",24,0.1191611895695
"06-SU",25,0.128425702961744
"06-SU",26,0.109280125411665
"06-SU",27,0.10601055903985
"06-SU",28,0.100281608881687
"06-SU",29,0.112540948886733
"06-SU",30,0.103692243395663
"06-SU",31,0.144487213263524
"06-SU",32,0.160242838634121
"06-SU",33,0.146632237979092
"06-SU",34,0.138244347415573
"06-SU",35,0.145547140745776
"06-SU",36,0.141182062298717
"06-SU",37,0.13344593910193
"06-SU",38,0.155282372709564
"06-SU",39,0.170555992343169
"06-SU",40,0.17921276417873
"06-SU",41,0.155779289158057
"06-SU",42,0.138697596362309
"06-SU",43,0.109278185698323
"06-SU",44,0.0737398696401048
"06-SU",45,0.0487782266719684
"06-SU",46,0.0277021572902749
"06-SU",47,0.0190283775822802
"06-SU",48,0.0113388141698168
"06-WD",1,0.00889205387792407
"06-WD",2,0.00857594942799256
"06-WD",3,0.00718960074700065
"06-WD",4,0.00776524471130435
"06-WD",5,0.00974557688494968
"06-WD",6,0.011042897222544
"06-WD",7,0.0144537303225669
"06-WD",8,0.018688090351959
"06-WD",9,0.0333453751475344
"06-WD",10,0.0533176481708822
"06-WD",11,0.101749249096874
"06-WD",12,0.146248361554068
"06-WD",13,0.17486979744306
"06-WD",14,0.165904127068732
"06-WD",15,0.118228863378354
"06-WD",16,0.0777074385375273
"06-WD",17,0.0511009549339053
"06-WD",18,0.035664679419476
"06-WD",19,0.0245869944988968
"06-WD",20,0.01803960201155
"06-WD",21,0.0129729547734367
"06-WD",22,0.0129051380127068
"06-WD",23,0.0172992899809895
"06-WD",24,0.0114684821363069
"06-WD",25,0.0119673783028218
"06-WD",26,0.0135632276861673
"06-WD",27,0.0178570715011372
"06-WD",28,0.0194625786511071
"06-WD",29,0.0211275163215497
"06-WD",30,0.0294411475312146
"06-WD",31,0.0501921719842348
"06-WD",32,0.0645638260259481
"06-WD",33,0.0838846635434838
"06-WD",34,0.0909605986255205
"06-WD",35,0.0906437040913404
"06-WD",36,0.095370253010568
"06-WD",37,0.09881734006401
"06-WD",38,0.100272223094025
"06-WD",39,0.102936094251566
"06-WD",40,0.106807008369126
"06-WD",41,0.102764026605601
"06-WD",42,0.093986891171844
"06-WD",43,0.0755035697420964
"06-WD",44,0.0548504828113908
"06-WD",45,0.0345389760118499
"06-WD",46,0.0214340515591444
"06-WD",47,0.0146880254732761
"06-WD",48,0.00966039041087656
"07-SA",1,0
"07-SA",2,0
"07-SA",3,0
"07-SA",4,0
"07-SA",5,0
"07-SA",6,0
"07-SA",7,0
"07-SA",8,0
"07-SA",9,0
"07-SA",10,0
"07-SA",11,0
"07-SA",12,0
"07-SA",13,0
"07-SA",14,0
"07-SA",15,0
"07-SA",16,0
"07-SA",17,0
"07-SA",18,0
"07-SA",19,0
"07-SA",20,0
"07-SA",21,0
"07-SA",22,0
"07-SA",23,0
"07-SA",24,0
"07-SA",25,0
"07-SA",26,0
"07-SA",27,0
"07-SA",28,0
"07-SA",29,0
"07-SA",30,0
"07-SA",31,0
"07-SA",32,0
"07-SA",33,0
"07-SA",34,0
"07-SA",35,0
"07-SA",36,0
"07-SA",37,0
"07-SA",38,0
"07-SA",39,0
"07-SA",40,0
"07-SA",41,0
"07-SA",42,0
"07-SA",43,0
"07-SA",44,0
"07-SA",45,0
"07-SA",46,0
"07-SA",47,0
"07-SA",48,0
"07-SU",1,0
"07-SU",2,0
"07-SU",3,0
"07-SU",4,0
"07-SU",5,0
"07-SU",6,0
"07-SU",7,0
"07-SU",8,0
"07-SU",9,0
"07-SU",10,0
"07-SU",11,0
"07-SU",12,0
"07-SU",13,0
"07-SU",14,0
"07-SU",15,0
"07-SU",16,0
"07-SU",17,0
"07-SU",18,0
"07-SU",19,0
"07-SU",20,0
"07-SU",21,0
"07-SU",22,0
"07-SU",23,0
"07-SU",24,0
"07-SU",25,0
"07-SU",26,0
"07-SU",27,0
"07-SU",28,0
"07-SU",29,0
"07-SU",30,0
"07-SU",31,0
"07-SU",32,0
"07-SU",33,0
"07-SU",34,0
"07-SU",35,0
"07-SU",36,0
"07-SU",37,0
"07-SU",38,0
"07-SU",39,0
"07-SU",40,0
"07-SU",41,0
"07-SU",42,0
"07-SU",43,0
"07-SU",44,0
"07-SU",45,0
"07-SU",46,0
"07-SU",47,0
"07-SU",48,0
"07-WD",1,0
"07-WD",2,0
"07-WD",3,0
"07-WD",4,0
"07-WD",5,0
"07-WD",6,0
"07-WD",7,0
"07-WD",8,0
"07-WD",9,0
"07-WD",10,0
"07-WD",11,0
"07-WD",12,0
"07-WD",13,0
"07-WD",14,0
"07-WD",15,0
"07-WD",16,0
"07-WD",17,0
"07-WD",18,0
"07-WD",19,0
"07-WD",20,0
"07-WD",21,0
"07-WD",22,0
"07-WD",23,0
"07-WD",24,0
"07-WD",25,0
"07-WD",26,0
"07-WD",27,0
"07-WD",28,0
"07-WD",29,0
"07-WD",30,0
"07-WD",31,0
"07-WD",32,0
"07-WD",33,0
"07-WD",34,0
"07-WD",35,0
"07-WD",36,0
"07-WD",37,0
"07-WD",38,0
"07-WD",39,0
"07-WD",40,0
"07-WD",41,0
"07-WD",42,0
"07-WD",43,0
"07-WD",44,0
"07-WD",45,0
"07-WD",46,0
"07-WD",47,0
"07-WD",48,0
"08-SA",1,0.00245349448166163
"08-SA",2,0.0035326842385848
"08-SA",3,0.000460836541392722
"08-SA",4,0.00111794943908965
"08-SA",5,0.00494380191667008
"08-SA",6,0.0040323920208428
"08-SA",7,0.00265465005367586
"08-SA",8,0.000512492467194814
"08-SA",9,0.0023979967610204
"08-SA",10,0
"08-SA",11,0.0100192274062127
"08-SA",12,0.0221835358588804
"08-SA",13,0.0288981594307579
"08-SA",14,0.0459977333107303
"08-SA",15,0.0406796545015911
"08-SA",16,0.0506251594057092
"08-SA",17,0.039796068927279
"08-SA",18,0.0249964394887617
"08-SA",19,0.0237621258423961
"08-SA",20,0.0259714515859936
"08-SA",21,0.0109939466060673
"08-SA",22,0.0150078802844137
"08-SA",23,0.0223179105710629
"08-SA",24,0.0239254097503487
"08-SA",25,0.0334057026553561
"08-SA",26,0.0292129927914208
"08-SA",27,0.0260233106434106
"08-SA",28,0.0347596130243331
"08-SA",29,0.0335469711606295
"08-SA",30,0.0337456504491706
"08-SA",31,0.0498241526453613
"08-SA",32,0.0634251902744611
"08-SA",33,0.0670091520534011
"08-SA",34,0.0551991364575876
"08-SA",35,0.0582872601546404
"08-SA",36,0.0622777720744825
"08-SA",37,0.065421793383917
"08-SA",38,0.0722946097425056
"08-SA",39,0.0686368369506593
"08-SA",40,0.0667222027596616
"08-SA",41,0.053026618138542
"08-SA",42,0.0457775692711054
"08-SA",43,0.0422659454836795
"08-SA",44,0.0228248116274523
"08-SA",45,0.0175610259681946
"08-SA",46,0.0146038147935826
"08-SA",47,0.010377539647681
"08-SA",48,0.00535524874996524
"08-SU",1,0.00471701511423098
"08-SU",2,0.00642313469515862
"08-SU",3,0.00437693187070992
"08-SU",4,0.00441063288213218
"08-SU",5,0.00442178345471209
"08-SU",6,0.00441057646271269
"08-SU",7,0.00296501641992977
"08-SU",8,0.00623269420962778
"08-SU",9,0.00373091929917554
"08-SU",10,0.0117650841752772
"08-SU",11,0.0133583144857337
"08-SU",12,0.0371874200105565
"08-SU",13,0.0506946067300764
"08-SU",14,0.0686594339755188
"08-SU",15,0.0503754166484231
"08-SU",16,0.0600473302861295
"08-SU",17,0.0570633896490702
"08-SU",18,0.0398866800822282
"08-SU",19,0.0182182669325627
"08-SU",20,0.0201064758543329
"08-SU",21,0.00622074265086431
"08-SU",22,0.00999719004257832
"08-SU",23,0.00910038777101602
"08-SU",24,0.00443670462297729
"08-SU",25,0.0107433096133538
"08-SU",26,0.00945354886361605
"08-SU",27,0.00953200699371651
"08-SU",28,0.00949870799967331
"08-SU",29,0.020478569252454
"08-SU",30,0.00873080834122653
"08-SU",31,0.0164636881237085
"08-SU",32,0.0489088883213323
"08-SU",33,0.0576710475622034
"08-SU",34,0.0491876648297231
"08-SU",35,0.0439064761829877
"08-SU",36,0.0256530860269885
"08-SU",37,0.0164827795457101
"08-SU",38,0.0272009707137391
"08-SU",39,0.0333021720559238
"08-SU",40,0.0437488030338248
"08-SU",41,0.030954666417627
"08-SU",42,0.0204176566789697
"08-SU",43,0.0104759466655323
"08-SU",44,0.000969755304209008
"08-SU",45,0
"08-SU",46,0.00192191126424902
"08-SU",47,0
"08-SU",48,0
"08-WD",1,0
"08-WD",2,0
"08-WD",3,0
"08-WD",4,0
"08-WD",5,0
"08-WD",6,0
"08-WD",7,0
"08-WD",8,0
"08-WD",9,0
"08-WD",10,0
"08-WD",11,0
"08-WD",12,0
"08-WD",13,0
"08-WD",14,0.00100288998296449
"08-WD",15,0.000920110558125742
"08-WD",16,0.0258937149883133
"08-WD",17,0.0239973706600912
"08-WD",18,0.024677996657806
"08-WD",19,0.0193666994912376
"08-WD",20,0.0171533621559732
"08-WD",21,0.00963331512788901
"08-WD",22,0.00745663725285364
"08-WD",23,0.00712203638325282
"08-WD",24,0.00940047460170346
"08-WD",25,0.00828802997240088
"08-WD",26,0.00459841501812172
"08-WD",27,0.00645821419332748
"08-WD",28,0.00600787489782054
"08-WD",29,0.00302989361622835
"08-WD",30,0
"08-WD",31,0
"08-WD",32,0.00756078875280253
"08-WD",33,0.0232765210897962
"08-WD",34,0.0165206441255287
"08-WD",35,0.0123213327707063
"08-WD",36,0.0139984411985691
"08-WD",37,0.014434894786587
"08-WD",38,0.0194804422632888
"08-WD",39,0.00617116377430305
"08-WD",40,0.00614099280961727
"08-WD",41,0
"08-WD",42,0
"08-WD",43,0
"08-WD",44,0
"08-WD",45,0
"08-WD",46,0
"08-WD",47,0
"08-WD",48,0
"09-SA",1,0.0220749784170987
"09-SA",2,0.0182094680297579
"09-SA",3,0.0146244477514498
"09-SA",4,0.014530424251921
"09-SA",5,0.0166450550538825
"09-SA",6,0.0171484659589208
"09-SA",7,0.0238656600945831
"09-SA",8,0.0293764495482607
"09-SA",9,0.0464197968828916
"09-SA",10,0.0707019525629533
"09-SA",11,0.117372643820444
"09-SA",12,0.190766511010776
"09-SA",13,0.251550309475678
"09-SA",14,0.293139275584891
"09-SA",15,0.240316009945153
"09-SA",16,0.236802147750115
"09-SA",17,0.178847399378297
"09-SA",18,0.135234558805443
"09-SA",19,0.113308730812479
"09-SA",20,0.0937227467004718
"09-SA",21,0.0691490174476493
"09-SA",22,0.0611527119709477
"09-SA",23,0.0771079139108902
"09-SA",24,0.0761167342500555
"09-SA",25,0.0810421483859602
"09-SA",26,0.0928505431570681
"09-SA",27,0.0856269015282214
"09-SA",28,0.0862127130584456
"09-SA",29,0.0931298883625052
"09-SA",30,0.103890224821559
"09-SA",31,0.144193873973812
"09-SA",32,0.193464946538896
"09-SA",33,0.195254252412757
"09-SA",34,0.205142768996038
"09-SA",35,0.233400637095535
"09-SA",36,0.27004424225603
"09-SA",37,0.280336086818279
"09-SA",38,0.296272010838117
"09-SA",39,0.273276583127462
"09-SA",40,0.239554816128865
"09-SA",41,0.203762309759614
"09-SA",42,0.181395063558308
"09-SA",43,0.147364666787504
"09-SA",44,0.103057972171708
"09-SA",45,0.0704353675926887
"09-SA",46,0.0468600990975935
"09-SA",47,0.0381450252996375
"09-SA",48,0.0290368592329095
"09-SU",1,0.0209757689096364
"09-SU",2,0.0170001527261366
"09-SU",3,0.0171852445308879
"09-SU",4,0.0177014979069942
"09-SU",5,0.0165524087272658
"09-SU",6,0.0183889048372295
"09-SU",7,0.0269927234442655
"09-SU",8,0.031925183596419
"09-SU",9,0.051130844590693
"09-SU",10,0.0680310907689714
"09-SU",11,0.121782928219988
"09-SU",12,0.183660099944388
"09-SU",13,0.229104754458031
"09-SU",14,0.274199511838
"09-SU",15,0.22080335981179
"09-SU",16,0.209482949749494
"09-SU",17,0.176882926630506
"09-SU",18,0.146775422588544
"09-SU",19,0.10033189140337
"09-SU",20,0.0781337675769189
"09-SU",21,0.0604684133253706
"09-SU",22,0.0613095115533112
"09-SU",23,0.0658308334963751
"09-SU",24,0.0500439123388937
"09-SU",25,0.0607805256965935
"09-SU",26,0.0548693258584362
"09-SU",27,0.0621963018888146
"09-SU",28,0.075309823751299
"09-SU",29,0.0864289081487292
"09-SU",30,0.0958482949385452
"09-SU",31,0.147309698803239
"09-SU",32,0.210373524569403
"09-SU",33,0.221181119482338
"09-SU",34,0.235478020583715
"09-SU",35,0.263127516123434
"09-SU",36,0.295266839667458
"09-SU",37,0.329943069198087
"09-SU",38,0.334752112948565
"09-SU",39,0.306987410464236
"09-SU",40,0.267935764784001
"09-SU",41,0.205013356782983
"09-SU",42,0.176974821707753
"09-SU",43,0.129741678298811
"09-SU",44,0.0817835755840193
"09-SU",45,0.0488088238521739
"09-SU",46,0.0354300117066318
"09-SU",47,0.0204046569980961
"09-SU",48,0.0164346858663992
"09-WD",1,0.0148850804564248
"09-WD",2,0.012384350280033
"09-WD",3,0.0112868142925499
"09-WD",4,0.0111424232959574
"09-WD",5,0.0121152214948094
"09-WD",6,0.0151951957421295
"09-WD",7,0.020110332226605
"09-WD",8,0.0275780348742426
"09-WD",9,0.044356373651873
"09-WD",10,0.0676713720788912
"09-WD",11,0.117963112042368
"09-WD",12,0.199148292965358
"09-WD",13,0.276201060010835
"09-WD",14,0.303957959280055
"09-WD",15,0.235517614909531
"09-WD",16,0.173281653662292
"09-WD",17,0.116428606424965
"09-WD",18,0.0907691748007948
"09-WD",19,0.0722728627145141
"09-WD",20,0.0612354209879677
"09-WD",21,0.048934747529158
"09-WD",22,0.0434207234240317
"09-WD",23,0.0511109507762376
"09-WD",24,0.0484134279490135
"09-WD",25,0.0448890903785508
"09-WD",26,0.0475704134561716
"09-WD",27,0.0519410993948604
"09-WD",28,0.0563518910090158
"09-WD",29,0.0623029316337607
"09-WD",30,0.0721273164337281
"09-WD",31,0.107363591442658
"09-WD",32,0.16982070692469
"09-WD",33,0.217208797342153
"09-WD",34,0.234453005941023
"09-WD",35,0.257348601125083
"09-WD",36,0.291921748101363
"09-WD",37,0.313555536603221
"09-WD",38,0.332728053694937
"09-WD",39,0.30639786672177
"09-WD",40,0.268735552334381
"09-WD",41,0.221080335832303
"09-WD",42,0.179351518766278
"09-WD",43,0.139113867003003
"09-WD",44,0.0963723939570868
"09-WD",45,0.0598694895524174
"09-WD",46,0.038626610269381
"09-WD",47,0.0278249666877191
"09-WD",48,0.0199128960019722
"10-SA",1,0.08736860695133
"10-SA",2,0.0724856282280251
"10-SA",3,0.0631010166691122
"10-SA",4,0.0620094836188995
"10-SA",5,0.058374678571861
"10-SA",6,0.0616885753832372
"10-SA",7,0.0780907172451184
"10-SA",8,0.085939095186062
"10-SA",9,0.142232288048843
"10-SA",10,0.206707130654525
"10-SA",11,0.38129461211887
"10-SA",12,0.573143639488784
"10-SA",13,0.770333711425444
"10-SA",14,0.901841006383601
"10-SA",15,0.89065070140058
"10-SA",16,0.822099142750932
"10-SA",17,0.678435424536358
"10-SA",18,0.561080166110991
"10-SA",19,0.454983010180703
"10-SA",20,0.378002184033042
"10-SA",21,0.323067857906651
"10-SA",22,0.298366823464818
"10-SA",23,0.312539589506424
"10-SA",24,0.300853211888919
"10-SA",25,0.322913659668985
"10-SA",26,0.325396983018071
"10-SA",27,0.346236194365079
"10-SA",28,0.355333876287395
"10-SA",29,0.370249784958602
"10-SA",30,0.428869491761325
"10-SA",31,0.561013631761583
"10-SA",32,0.737023120486293
"10-SA",33,0.908394637475751
"10-SA",34,1.01861883922206
"10-SA",35,1.10690892894199
"10-SA",36,1.1266832308776
"10-SA",37,1.09401086976968
"10-SA",38,1.03476401742275
"10-SA",39,0.939902579881831
"10-SA",40,0.842181011169183
"10-SA",41,0.745538464651729
"10-SA",42,0.677197501881199
"10-SA",43,0.563027039108204
"10-SA",44,0.432822606349687
"10-SA",45,0.303150311296832
"10-SA",46,0.206864323898521
"10-SA",47,0.148999937032779
"10-SA",48,0.11145532324413
"10-SU",1,0.0818470095068634
"10-SU",2,0.0759353031214236
"10-SU",3,0.0676700914164582
"10-SU",4,0.0718190084091679
"10-SU",5,0.0691024661364826
"10-SU",6,0.0752323984177753
"10-SU",7,0.0852369029548556
"10-SU",8,0.0989264276249066
"10-SU",9,0.154229098819033
"10-SU",10,0.228659552264752
"10-SU",11,0.429189683205768
"10-SU",12,0.6338559563851
"10-SU",13,0.816465362360032
"10-SU",14,0.927983399061159
"10-SU",15,0.898971841367179
"10-SU",16,0.833691484841693
"10-SU",17,0.702731050559245
"10-SU",18,0.593530881700683
"10-SU",19,0.489931792338014
"10-SU",20,0.400068298584142
"10-SU",21,0.346163291546532
"10-SU",22,0.322528107274009
"10-SU",23,0.339884162694265
"10-SU",24,0.328415364638434
"10-SU",25,0.355419299540507
"10-SU",26,0.35567250054963
"10-SU",27,0.36270476828734
"10-SU",28,0.384296284460799
"10-SU",29,0.4141148958537
"10-SU",30,0.465694178694251
"10-SU",31,0.618336471521734
"10-SU",32,0.768391875889332
"10-SU",33,0.899467242177378
"10-SU",34,1.00373549286398
"10-SU",35,1.13362392283354
"10-SU",36,1.17601533092106
"10-SU",37,1.15032100372519
"10-SU",38,1.09792222763975
"10-SU",39,1.01735921440288
"10-SU",40,0.894661753489627
"10-SU",41,0.796473196331557
"10-SU",42,0.678984424798997
"10-SU",43,0.526030756407176
"10-SU",44,0.375651275334143
"10-SU",45,0.253222778011728
"10-SU",46,0.16811631924941
"10-SU",47,0.112180973823436
"10-SU",48,0.0854094824029998
"10-WD",1,0.0638339677113803
"10-WD",2,0.0557456631740782
"10-WD",3,0.0515176953358025
"10-WD",4,0.0537413448627476
"10-WD",5,0.0546792626544335
"10-WD",6,0.0591290743134951
"10-WD",7,0.0751053287111288
"10-WD",8,0.0942236578176126
"10-WD",9,0.161965979978997
"10-WD",10,0.269620714915978
"10-WD",11,0.485327394176153
"10-WD",12,0.703652573068139
"10-WD",13,0.881963223493475
"10-WD",14,0.977100210677792
"10-WD",15,0.914601528637431
"10-WD",16,0.769807916669853
"10-WD",17,0.610842777758302
"10-WD",18,0.48208161724877
"10-WD",19,0.377538581830104
"10-WD",20,0.308717096976993
"10-WD",21,0.265108616976669
"10-WD",22,0.247232984635358
"10-WD",23,0.250966001941599
"10-WD",24,0.244058961271661
"10-WD",25,0.254513779568825
"10-WD",26,0.26980308449968
"10-WD",27,0.284542048992386
"10-WD",28,0.310063953349324
"10-WD",29,0.349617059288231
"10-WD",30,0.420792846463879
"10-WD",31,0.570727006504935
"10-WD",32,0.742589670321419
"10-WD",33,0.92937099494845
"10-WD",34,1.07497471497544
"10-WD",35,1.18691262677484
"10-WD",36,1.21506768293865
"10-WD",37,1.20013622572296
"10-WD",38,1.14233079907026
"10-WD",39,1.05345052637827
"10-WD",40,0.952765728247212
"10-WD",41,0.829951877475846
"10-WD",42,0.707820321760331
"10-WD",43,0.556857624535695
"10-WD",44,0.40472023573313
"10-WD",45,0.281805767765219
"10-WD",46,0.184184835600872
"10-WD",47,0.125576668163365
"10-WD",48,0.0896955253567372
"11-SA",1,0.257738269744583
"11-SA",2,0.194975817700611
"11-SA",3,0.162292442127442
"11-SA",4,0.143381214098671
"11-SA",5,0.135785342635699
"11-SA",6,0.132341241878554
"11-SA",7,0.128783585737199
"11-SA",8,0.119784137300301
"11-SA",9,0.138539729127593
"11-SA",10,0.153316452263
"11-SA",11,0.208191571544442
"11-SA",12,0.33274110562177
"11-SA",13,0.738847043413339
"11-SA",14,1.3183354533092
"11-SA",15,1.74261277004708
"11-SA",16,1.91450050825281
"11-SA",17,1.82289888620249
"11-SA",18,1.64880434412449
"11-SA",19,1.38452941918101
"11-SA",20,1.19310302442415
"11-SA",21,1.03776896312274
"11-SA",22,0.939418989433814
"11-SA",23,0.880133463344317
"11-SA",24,0.897495665517557
"11-SA",25,0.995943071267664
"11-SA",26,1.05630544290528
"11-SA",27,1.09461558380663
"11-SA",28,1.13557379520181
"11-SA",29,1.19251926562406
"11-SA",30,1.23348019702799
"11-SA",31,1.3627809261613
"11-SA",32,1.4864522276704
"11-SA",33,1.78368746554147
"11-SA",34,2.10912843092554
"11-SA",35,2.2606239101319
"11-SA",36,2.21387470683555
"11-SA",37,2.15234321690899
"11-SA",38,2.07583375831983
"11-SA",39,1.97389986891166
"11-SA",40,1.8529237506256
"11-SA",41,1.76582379965957
"11-SA",42,1.62833437202385
"11-SA",43,1.44470356383153
"11-SA",44,1.27250104747094
"11-SA",45,1.05224210621305
"11-SA",46,0.779001537408511
"11-SA",47,0.551079622044821
"11-SA",48,0.381993433558322
"11-SU",1,0.245706285720939
"11-SU",2,0.207680753397982
"11-SU",3,0.17653645781536
"11-SU",4,0.151904903806861
"11-SU",5,0.132539199911459
"11-SU",6,0.126264787967486
"11-SU",7,0.125400589676381
"11-SU",8,0.123426989135102
"11-SU",9,0.127437797428876
"11-SU",10,0.142611224346336
"11-SU",11,0.177505046018291
"11-SU",12,0.296819236320315
"11-SU",13,0.632479928520755
"11-SU",14,1.15148147674154
"11-SU",15,1.57434854013759
"11-SU",16,1.74365008511945
"11-SU",17,1.62738035071563
"11-SU",18,1.51351926899338
"11-SU",19,1.29731570478903
"11-SU",20,1.14687189111488
"11-SU",21,1.04179836475678
"11-SU",22,0.962567471769548
"11-SU",23,0.888351793750279
"11-SU",24,0.875972751438673
"11-SU",25,0.968801461754806
"11-SU",26,1.03814588191953
"11-SU",27,1.05752100919064
"11-SU",28,1.06769316581461
"11-SU",29,1.08351793838612
"11-SU",30,1.13611528224896
"11-SU",31,1.22686693997611
"11-SU",32,1.35880878561591
"11-SU",33,1.66021336276662
"11-SU",34,2.01515114153027
"11-SU",35,2.14691477818395
"11-SU",36,2.0864666372792
"11-SU",37,2.02468796065935
"11-SU",38,1.96681589905894
"11-SU",39,1.90680433542064
"11-SU",40,1.84365335083243
"11-SU",41,1.71351980114915
"11-SU",42,1.58789020710946
"11-SU",43,1.41528851576135
"11-SU",44,1.2160267461737
"11-SU",45,0.95696948389231
"11-SU",46,0.690615746139764
"11-SU",47,0.429896538673135
"11-SU",48,0.274886649986195
"11-WD",1,0.198632831639779
"11-WD",2,0.151624380527094
"11-WD",3,0.134947818067784
"11-WD",4,0.116574904973655
"11-WD",5,0.118069253346787
"11-WD",6,0.119520793021897
"11-WD",7,0.116725685324814
"11-WD",8,0.12031974930634
"11-WD",9,0.121022592482609
"11-WD",10,0.130110820888247
"11-WD",11,0.219134981457246
"11-WD",12,0.39710613167429
"11-WD",13,0.923319058542788
"11-WD",14,1.62944424110253
"11-WD",15,2.02751647352786
"11-WD",16,2.00136782683207
"11-WD",17,1.73719046383434
"11-WD",18,1.39683512239079
"11-WD",19,1.05417887408007
"11-WD",20,0.853630412546038
"11-WD",21,0.715728069991615
"11-WD",22,0.631066104703574
"11-WD",23,0.578137087588346
"11-WD",24,0.578817164169285
"11-WD",25,0.6557328415467
"11-WD",26,0.698218211248566
"11-WD",27,0.724367301122871
"11-WD",28,0.770804154697209
"11-WD",29,0.796500666129592
"11-WD",30,0.858120650178526
"11-WD",31,1.00418202532349
"11-WD",32,1.18605689122885
"11-WD",33,1.6149208027846
"11-WD",34,2.07004843173578
"11-WD",35,2.28327149056725
"11-WD",36,2.26065456650306
"11-WD",37,2.22402215235687
"11-WD",38,2.16195503790099
"11-WD",39,2.05615693214042
"11-WD",40,1.94301658583585
"11-WD",41,1.81879508608852
"11-WD",42,1.67252956147153
"11-WD",43,1.48561984690009
"11-WD",44,1.28067832538397
"11-WD",45,1.00468259110236
"11-WD",46,0.692735068696691
"11-WD",47,0.450406906747012
"11-WD",48,0.295857822927209
"12-SA",1,0.588667694473949
"12-SA",2,0.479132787976835
"12-SA",3,0.427559356605918
"12-SA",4,0.386787523928407
"12-SA",5,0.381060378812177
"12-SA",6,0.381462026590511
"12-SA",7,0.36465686895357
"12-SA",8,0.363969726964406
"12-SA",9,0.380976853133462
"12-SA",10,0.399915872225857
"12-SA",11,0.49444702339771
"12-SA",12,0.679387669051867
"12-SA",13,1.15244977076581
"12-SA",14,1.79045430651368
"12-SA",15,2.34197176723452
"12-SA",16,2.63258034044319
"12-SA",17,2.61583064036347
"12-SA",18,2.50659730186465
"12-SA",19,2.28798293036914
"12-SA",20,2.11878701054371
"12-SA",21,1.94867386639548
"12-SA",22,1.84638960113833
"12-SA",23,1.76540478015006
"12-SA",24,1.71129560781309
"12-SA",25,1.76509361355916
"12-SA",26,1.76792841615343
"12-SA",27,1.79223139261457
"12-SA",28,1.85991215872498
"12-SA",29,1.89528057435688
"12-SA",30,1.94337490350347
"12-SA",31,2.07669021457789
"12-SA",32,2.22865292981468
"12-SA",33,2.46842236266463
"12-SA",34,2.70116796039038
"12-SA",35,2.80540996121531
"12-SA",36,2.76268475012299
"12-SA",37,2.73336646045843
"12-SA",38,2.65139849784148
"12-SA",39,2.55495358538411
"12-SA",40,2.48548855441912
"12-SA",41,2.35742133497721
"12-SA",42,2.23655018556961
"12-SA",43,2.0447487609808
"12-SA",44,1.82803400314278
"12-SA",45,1.5285440159789
"12-SA",46,1.20379962688844
"12-SA",47,0.891590854025031
"12-SA",48,0.686201766682201
"12-SU",1,0.527448763807491
"12-SU",2,0.46694035541245
"12-SU",3,0.406423860553266
"12-SU",4,0.370954873367089
"12-SU",5,0.353748922572724
"12-SU",6,0.348503493996493
"12-SU",7,0.355674888326664
"12-SU",8,0.358692897389123
"12-SU",9,0.372153667388133
"12-SU",10,0.391410423467623
"12-SU",11,0.479621610456404
"12-SU",12,0.645784488360501
"12-SU",13,1.11723486682672
"12-SU",14,1.69774239628754
"12-SU",15,2.21757521588429
"12-SU",16,2.49315296366589
"12-SU",17,2.45746803545379
"12-SU",18,2.41913694820062
"12-SU",19,2.23309469196283
"12-SU",20,2.1196668679189
"12-SU",21,1.99657906667521
"12-SU",22,1.91666268756343
"12-SU",23,1.79969507385175
"12-SU",24,1.73656949265443
"12-SU",25,1.80313574425673
"12-SU",26,1.82588556501823
"12-SU",27,1.85436631898562
"12-SU",28,1.87824241794714
"12-SU",29,1.90206678633394
"12-SU",30,1.99012374426749
"12-SU",31,2.12172062190207
"12-SU",32,2.22323301122216
"12-SU",33,2.45388895512305
"12-SU",34,2.67046660793931
"12-SU",35,2.75094051746714
"12-SU",36,2.70289902400018
"12-SU",37,2.67391448794144
"12-SU",38,2.63293203370359
"12-SU",39,2.58447464705333
"12-SU",40,2.51131375431389
"12-SU",41,2.39357086360274
"12-SU",42,2.26404415300846
"12-SU",43,2.0660575876526
"12-SU",44,1.84130750191898
"12-SU",45,1.51718404425578
"12-SU",46,1.16354127966231
"12-SU",47,0.8251103772043
"12-SU",48,0.594774648897853
"12-WD",1,0.486984690761156
"12-WD",2,0.404744156238238
"12-WD",3,0.369817023821786
"12-WD",4,0.341047362958589
"12-WD",5,0.343967334453782
"12-WD",6,0.335859196317856
"12-WD",7,0.341900099206254
"12-WD",8,0.34881645930061
"12-WD",9,0.361911405051107
"12-WD",10,0.385426306511078
"12-WD",11,0.535228220199942
"12-WD",12,0.786108455802418
"12-WD",13,1.4314951190844
"12-WD",14,2.21401091348172
"12-WD",15,2.67445640914576
"12-WD",16,2.76120154486486
"12-WD",17,2.59874111787192
"12-WD",18,2.32646940141495
"12-WD",19,2.0565622694789
"12-WD",20,1.89217263565473
"12-WD",21,1.76808015487694
"12-WD",22,1.68484846596324
"12-WD",23,1.61623462307661
"12-WD",24,1.60514838815736
"12-WD",25,1.66433981976435
"12-WD",26,1.69436258023812
"12-WD",27,1.72862113229917
"12-WD",28,1.77460796176747
"12-WD",29,1.79749070174375
"12-WD",30,1.85720022607385
"12-WD",31,2.01991249766202
"12-WD",32,2.16569961235154
"12-WD",33,2.49492360440053
"12-WD",34,2.80402796164329
"12-WD",35,2.94895941932833
"12-WD",36,2.92839676991683
"12-WD",37,2.90444217455728
"12-WD",38,2.85866405878753
"12-WD",39,2.77914104335089
"12-WD",40,2.68374197281121
"12-WD",41,2.55741055565213
"12-WD",42,2.41508452709832
"12-WD",43,2.20409589873051
"12-WD",44,1.9503567250824
"12-WD",45,1.6106076503905
"12-WD",46,1.20038397921953
"12-WD",47,0.87056763470179
"12-WD",48,0.656738149124758
